Email,First name,Last name,Phone number,Website URL,Latest source date,Industrija,Annual revenue,St. zaposlenih,Company name,City,Postal code,Street address,St. prebivalcev,Fax number,Lead status,Lifecycle stage,Contact owner,Oddaljenost od mesta,Google my business,Ure na teden,Stran na google,Ocena,Search term,St. ocen
,,,,,,,,,,,,,,,,,,,,,,,,
,,,23314700,,,Frizerski studio,,,Frizerski studio Karla,Maribor,2000,Žolgarjeva ulica 7,97019,,,,,965,1,74,1,4.8,Maribor Frizerski studio,43
,,,24201661,https://www.galaktiko.com/,,Frizerski studio,,,Frizerski studio Galaktiko Dual Qlandia,Maribor,2000,Cesta proletarskih brigad 100,97019,,,,,2413,1,78,1,4.4,Maribor Frizerski studio,34
,,,70832170,,,Frizerski studio,,,Frizerski studio tu  Tanja Urbas s.p.,Maribor,2000,Regentova ulica 22,97019,,,,,363,1,65,1,4.7,Maribor Frizerski studio,70
,,,23324073,http://www.studiomojca.si/,,Frizerski studio,,,Frizerski Studio Mojca Mojca Celcer  S.P.,Maribor,2000,Metelkova ulica 26,97019,,,,,963,0,,1,4.8,Maribor Frizerski studio,36
,,,22521035,,,Frizerski studio,,,Frizerski studio Tomas Tomas Rožman s.p.,Maribor,2000,Židovska ulica 10,97019,,,,,1384,0,,1,4.4,Maribor Frizerski studio,61
,,,40809000,http://www.hair-dance.si/,,Frizerski studio,,,Frizerski Salon Hair dance  Ana Kartunay s.p.,Maribor,2000,Ulica Vita Kraigherja 10,97019,,,,,1527,1,50,1,4.7,Maribor Frizerski studio,75
,,,70468987,,,Frizerski studio,,,GLAM UP PE Frizerski Studio,Maribor,2000,Gosposvetska cesta 84,97019,,,,,2589,1,71,1,4.2,Maribor Frizerski studio,41
,,,59108590,http://www.hairpointstudio.si/,,Frizerski studio,,,Frizerski studio Borut Borut Družovec s.p.,Maribor,2000,Žolgarjeva ulica 7,97019,,,,,965,1,45,1,4.8,Maribor Frizerski studio,23
,,,41857125,http://www.nejcmurko.si/,,Frizerski studio,,,Skupina Ntm  frizerski studio Nejc Murko s.p.,Maribor,2000,Panonska ulica 7,97019,,,,,39054,0,,1,4.9,Maribor Frizerski studio,38
,,,40304770,https://www.facebook.com/studio.selena11/,,Frizerski studio,,,Frizerski studio Selena,Maribor,2000,Slomškov trg 14,97019,,,,,1657,1,60,1,4.7,Maribor Frizerski studio,40
,,,40603966,,,Frizerski studio,,,Frizer MARIBOR - ŠKARICA,Maribor,2000,Ulica talcev 1,97019,,,,,67859,1,61,1,4.9,Maribor Frizerski studio,116
,,,27201019,http://www.studiooranz.com/,,Frizerski studio,,,Oranž,Maribor,2000,Ulica kneza Koclja 4,97019,,,,,1425,1,60,1,4.5,Maribor Frizerski studio,82
,,,41903185,http://www.studioiggi.si/,,Frizerski studio,,,Frizerski Studio Iggi Igor Zelenjak S.P.,Maribor,2000,Koroška cesta 53,97019,,,,,1934,0,,1,4.8,Maribor Frizerski studio,38
,,,83881432,,,Frizerski studio,,,Buhair,Maribor,2000,Gregorčičeva ulica 15,97019,,,,,167281,1,60,1,4.7,Maribor Frizerski studio,55
,,,23314218,,,Frizerski studio,,,Frizerski Studio Glavica Mojca Glavica S.P.,Maribor,2000,Beograjska ulica 6,97019,,,,,783,0,,1,4.7,Maribor Frizerski studio,29
,,,40261207,http://studiominimal.si/,,Frizerski studio,,,Studio Minimal,Maribor,2000,Tyrševa ulica 4,97019,,,,,,1,,1,4.8,Maribor Frizerski studio,32
,,,31541149,https://zemljevid.najdi.si/podjetje/3395308000/frizerski-salon-stela-darja-tavzelj-sp,,Frizerski studio,,,Frizerski Salon Stela Darja Tavželj s.p.,Maribor,2000,Čanžkova ulica 3,97019,,,,,2319,1,57.5,1,4.8,Maribor Frizerski studio,36
,,,40415443,https://www.facebook.com/pepermintHS,,Frizerski studio,,,Pepermint Hair Studio,Maribor,2000,Smetanova ulica 57,97019,,,,,2230,1,43,1,4.8,Maribor Frizerski studio,35
,,,41661861,https://www.frizercrispus.si/,,Frizerski studio,,,Crispus,Maribor,2000,Framska ulica 4,97019,,,,,416,1,60,1,4.8,Maribor Frizerski studio,94
,,,31426446,,,Frizerski studio,,,Frizerski studio 8  Marina Došlić s.p.,Maribor,2000,Na Griču 1,97019,,,,,107024,1,50,1,4.8,Maribor Frizerski studio,38
,,,31332659,,,Frizerski studio,,,Frizerstvo Mateja  frizerske storitve Mateja Bezjak, ,2000,Cesta XIV. divizije 25,97019,,,,,1231,0,,5,5,Maribor Frizerski studio,9
,,,23202022,,,Frizerski studio,,,Frizerski salon Lucija  Lucija Vajda s.p.,Maribor,2000,Jezdarska ulica 1,97019,,,,,1052,1,70,5,5,Maribor Frizerski studio,19
,,,51436982,,,Frizerski studio,,,Frizerski studio Aurelia  Kajtimira Knedl s.p.,Maribor,2000,Majeričeva ulica 3,97019,,,,,1434,1,57,5,5,Maribor Frizerski studio,5
,,,40755873,,,Frizerski studio,,,Frizerstvo Sanja Sanja Žgajner s.p.,Marbor,2000,Trgovinsko-stanovanjski kompleks,97019,,,,,,1,33,5,4.9,Maribor Frizerski studio,19
,,,70865869,,,Frizerski studio,,,FRIZERSKA HIŠA GLAMUR  Simona Kaučič s.p.,Maribor,2000,Radvanjska cesta 35,97019,,,,,1238,1,44,5,4.3,Maribor Frizerski studio,7
,,,22512572,http://www.rabim.info/frizerski-salon-in-trgovina-na-debelo-euro-las-tatjana-dolenc-sp-6965,,Frizerski studio,,,"Frizerski salon in trgovina na debelo ""Euro Las"" Tatjana Dolenc s.p.",Maribor,2000,Koroška cesta 7,97019,,,,,119301,1,54,5,4.6,Maribor Frizerski studio,18
,,,31663713,,,Frizerski studio,,,Petite salon  Jasna Rojko s.p. frizerske in kozmetične storitve,Maribor,2000,Poropatova ulica 20,97019,,,,,,0,,5,5,Maribor Frizerski studio,8
,,,40427861,,,Frizerski studio,,,Frizerstvo  Natalija Jerič s.p.,Maribor,2000,Borštnikova ulica 63,97019,,,,,2047,0,,5,5,Maribor Frizerski studio,9
,,,40780977,,,Frizerski studio,,,Nisa  frizerski salon Nives Breg s.p.,Maribor,2000,Ulica Staneta Severja 5 B,97019,,,,,1541,0,,5,5,Maribor Frizerski studio,8
,,,23314560,http://www.rabim.info/salon-danicafrizerska-dejavnost-danica-debevec-sp-15038,,Frizerski studio,,,Salon Danica-Frizerska Dejavnost Danica Debevec S.P.,Maribor,2000,Kardeljeva cesta 69,97019,,,,,1338,1,49,5,4.5,Maribor Frizerski studio,8
,,,23311330,https://www.galaktiko.com/,,Frizerski studio,,,Frizerski studio Galaktiko Dual Intrade,Maribor,2000,Studenška ulica 104,97019,,,,,3045,1,61,5,5,Maribor Frizerski studio,3
,,,24613898,,,Frizerski studio,,,Kava Bar Medo - Frizerski Salon Vesna Miran Novak S.P.,Maribor,2000,Ulica Rose Luxemburg 17,97019,,,,,3158,0,,5,4.9,Maribor Frizerski studio,16
,,,40418131,,,Frizerski studio,,,Frizerski Salon Darja,Maribor,2000,Pekrska cesta 56,97019,,,,,3201,1,40,5,4.4,Maribor Frizerski studio,10
,,,41581035,,,Frizerski studio,,,A studio frizerski salon  Aleksandra Jamnik s.p.,Maribor,2000,Gregorčičeva ulica 6,97019,,,,,104769,0,,5,5,Maribor Frizerski studio,4
,,,70919919,http://www.moja-dejavnost.si/frizerski-salon-maribor-tabor/rhc-frizerstvo-rok-hamer-cigit-sp/MM1KUW9N,,Frizerski studio,,,Rhc frizerstvo Rok Hamer Cigit s.p.,Maribor,2000,Taborska Ulica 2,97019,,,,,1124,0,,5,5,Maribor Frizerski studio,5
,,,41205827,,,Frizerski studio,,,Frizerski salon Pavokovič Damir s.p.,Maribor,2000,Koroška cesta 19,97019,,,,,104901,0,,5,4.9,Maribor Frizerski studio,11
,,,31817053,https://frizerstvo-tamara.si/,,Frizerski studio,,,Tamara Kaučič Obrulj  s.p.,Maribor,2000,Zrkovska cesta 73,97019,,,,,2109,1,59,5,4.6,Maribor Frizerski studio,7
,,,23318714,,,Frizerski studio,,,Žohar Lie s.p. - moško in žensko frizerstvo,Maribor,2000,Radvanjska cesta 88a,97019,,,,,1685,0,,5,4.8,Maribor Frizerski studio,17
,,,41296361,http://www.salon-vesna.si/,,Frizerski studio,,,Frizerski salon VESNA,cesta,Ptujska,Mercator center Jagoda,97019,,,,,283874,0,,5,5,Maribor Frizerski studio,7
,,,40185445,,,Frizerski studio,,,Frizerski studio Šajn  Patricia Vogrin s.p.,Maribor,2000,Sokolska ulica 44,97019,,,,,2684,0,,5,5,Maribor Frizerski studio,5
,,,,,,Frizerski studio,,,Frizerski studio Bianka  družba za frizerske storitve d.o.o.,Maribor,2000,Gregorčičeva ulica 27,97019,,,,,153203,1,65,7,5,Maribor Frizerski studio,1
,,,22233107,,,Frizerski studio,,,Frizerski Salon Valerija Pintar Valerija S.P.,Maribor,2000,Betnavska cesta 26,97019,,,,,921,0,,7,5,Maribor Frizerski studio,2
,,,22517864,,,Frizerski studio,,,Frizerski salon Sonja Sonja Tavčar s.p.,Maribor,2000,Ulica kneza Koclja 24,97019,,,,,1383,0,,7,5,Maribor Frizerski studio,1
,,,,,,Frizerski studio,,,Frizerski studio Naja  Mojca Kampl s.p.,Maribor,2000,Vrazova ulica 47,97019,,,,,1972,0,,7,5,Maribor Frizerski studio,3
,,,70481084,,,Frizerski studio,,,frizerski salon Strižnica,Maribor,2000,Borštnikova ulica 5,97019,,,,,2315,0,,7,5,Maribor Frizerski studio,1
,,,26407980,,,Frizerski studio,,,Frizerstvo Tami  Tamara Dolšak s.p.,Maribor,2000,Loška ulica 8,97019,,,,,1351,0,,7,5,Maribor Frizerski studio,4
,,,41774690,,,Frizerski studio,,,Frizirnica K  Maribor,Maribor,2000,Slovenska ulica 38,97019,,,,,1822,0,,7,5,Maribor Frizerski studio,1
,,,41804171,,,Frizerski studio,,,Frizerski studio d in gostinstvo  Darinka Vidovič s.p.,Maribor,2000,Razvanjska cesta 44,97019,,,,,3387,0,,7,5,Maribor Frizerski studio,3
,,,24712144,,,Frizerski studio,,,Frizerstvo ZOFKA  Zofija Kmetič s.p.,Maribor,2000,Čufarjeva cesta 9,97019,,,,,1852,1,45,7,4.5,Maribor Frizerski studio,2
,,,22527605,,,Frizerski studio,,,Frizerski studio Stanka Julija Dogša s.p.,Maribor,2000,Mlinska ulica 26,97019,,,,,56109,0,,7,,Maribor Frizerski studio,
,,,40831687,,,Frizerski studio,,,Como hiša Frizur Mateja Tomažič s.p.,Maribor,2000,Strossmayerjeva ulica 32a,97019,,,,,2065,1,40,7,5,Maribor Frizerski studio,3
,,,69919471,,,Frizerski studio,,,Betty Boop,Maribor,2000,Ljubljanska ulica 89,97019,,,,,1104,1,36,7,5,Maribor Frizerski studio,3
,,,51380532,,,Frizerski studio,,,Frizerski studio Zag  Bogomira Halič s.p.,Pesnica,2211,Dolnja Počehova 13 N,97019,,,,,2015,0,,7,5,Maribor Frizerski studio,6
,,,40789928,,,Frizerski studio,,,Extrem Studio,Maribor,2000,Žitna ulica 11,97019,,,,,6834,0,,7,5,Maribor Frizerski studio,1
,,,,,,Frizerski studio,,,Exess  frizerske in druge storitve d.o.o.,Maribor,2000,Prušnikova ulica 12,97019,,,,,1815,0,,7,5,Maribor Frizerski studio,2
,,,40699821,,,Frizerski studio,,,Frizerski salon Milena Dobaja Bezjak s.p.,Maribor,2000,Kramarjeva ulica 1,97019,,,,,3001,0,,7,4.8,Maribor Frizerski studio,4
,,,70842186,,,Frizerski studio,,,FRIZIRNICA M  Mojca Lobnik s.p.,Maribor,2000,Ljubljanska ulica 74,97019,,,,,774,1,44,7,5,Maribor Frizerski studio,3
,,,41331654,,,Frizerski studio,,,Frizerstvo Pika  Lepenik Polonca s.p.,Maribor,2000,Ulica Staneta Severja 5b,97019,,,,,1541,0,,7,5,Maribor Frizerski studio,1
,,,51308421,,,Frizerski studio,,,Frizerski studio Madonna  Jožica Petrič s.p.,Maribor,2000,Zagrebška c. 40,97019,,,,,1671,0,,7,5,Maribor Frizerski studio,1
,,,51672708,https://www.moja-dejavnost.si/barber-shop-maribor-podravska/don-boroja-barber-shop-maribor-luka-boroja-sp/MMxnSThNQR,,Frizerski studio,,,Frizerski salon  Luka Boroja s.p.,Maribor,2000,Tyrševa ulica 20,97019,,,,,2010,0,,7,5,Maribor Frizerski studio,4
,,,51606969,,,Frizerski studio,,,"Frizerski studio ""V NULO""",Limbuš,2341,Limbuška cesta 52,97019,,,,,10815379,1,52,8,4.6,Maribor Frizerski studio,20
,,,51256599,https://www.moja-dejavnost.si/ugoden-frizerski-salon-maribor/frizerske-storitve-marko-sef-sp/MM1qXV2y,,Frizerski studio,,,Frizerske storitve  Marko Šef s.p.,Maribor,2000,Partizanska cesta 36,97019,,,,,23564,0,,8,5,Maribor Frizerski studio,3
,,,70140550,,,Frizerski studio,,,Frizerski Salon TM,Maribor,2000,Ljubljanska ulica 95,97019,,,,,1154,0,,8,5,Maribor Frizerski studio,3
,,,40386244,,,Frizerski studio,,,Glejgor studio  frizerske storitve Gregor Gošnjak s.p.,Maribor,2000,Koroška cesta 105,97019,,,,,2358,0,,8,,Maribor Frizerski studio,
,,,70517151,https://www.facebook.com/profile.php?id=100086391396034,,Frizerski studio,,,Frizerski Studio Betty Boop,Maribor,2000,Cafova ulica 8,97019,,,,,17850,1,46,8,,Maribor Frizerski studio,
,,,22524640,,,Frizerski studio,,,Frizerski studio in Darja Prešeren s.p.,Maribor,2000,Ribniška ulica 4,97019,,,,,2390,0,,8,5,Maribor Frizerski studio,1
,,,31322866,,,Frizerski studio,,,Frizerstvo  frizerski studio Meli Style Melanie Korošak s.p.,Maribor,2000,Jadranska cesta 27,97019,,,,,1105,0,,8,,Maribor Frizerski studio,
,,,41511919,,,Frizerski studio,,,Orož Trauda S.P.-Frizerski studio T.I.M.,Maribor,2000,Jezdarska ulica 1,97019,,,,,,0,,8,,Maribor Frizerski studio,
,,,40424024,,,Frizerski studio,,,Lepotni studio Diosa,Maribor,2000,Lackova cesta 41,97019,,,,,3118,1,35,8,4.9,Maribor Frizerski studio,25
,,,41775929,,,Frizerski studio,,,Frizerski studio Shine Bojana Galić s.p.,Maribor,2000,Rezijanska ulica 23,97019,,,,,1104,0,,8,,Maribor Frizerski studio,
,,,40569056,,,Frizerski studio,,,Frizerski salon Nada  Nada Centner s.p.,Maribor,2000,Trg Dušana Kvedra 3,97019,,,,,1512,0,,8,,Maribor Frizerski studio,
,,,30373139,,,Frizerski studio,,,Frizerski studio Neni  Melita Heher s.p.,Maribor,2000,Svenškova ulica 4,97019,,,,,4766,0,,8,5,Maribor Frizerski studio,1
,,,40466976,,,Frizerski studio,,,Issa2 Rebeka Jagarinec S.P.  Frizerski Salon,Maribor,2000,Ulica Staneta Severja 5b,97019,,,,,1541,0,,8,1,Maribor Frizerski studio,1
,,,30291042,,,Frizerski studio,,,Aritmija  Oglaševalska agencija d.o.o.,Maribor,2000,Kraljeviča Marka ulica 19,97019,,,,,,0,,8,,Maribor Frizerski studio,
,,,,,,Frizerski studio,,,Frizerski salon  Darja Jug s.p.,Maribor,2000,Ljubljanska ulica 89,97019,,,,,1104,0,,8,,Maribor Frizerski studio,
,,,24201483,,,Frizerski studio,,,Frizerski salon Lidija Šikman s.p.,Maribor,2000,Borštnikova ulica 5,97019,,,,,2315,0,,8,3,Maribor Frizerski studio,1
,,,40204225,,,Frizerski studio,,,Frizerski Studio Anja  Anja Dolinar S.P.,Maribor,2000,Jezdarska ulica 22,97019,,,,,714,0,,8,,Maribor Frizerski studio,
,,,41259502,,,Frizerski studio,,,Nina Frizure  Frizerstvo Nina Pernek S.P.,Maribor,2000,Sernčeva ulica 11,97019,,,,,2554,0,,8,,Maribor Frizerski studio,
,,,40430491,,,Frizerski studio,,,Frizerski studio Uroš  Uroš Slana s.p.,Maribor,2000,Vrazova ulica 26,97019,,,,,1782,0,,8,,Maribor Frizerski studio,
,,,70919919,,,Frizerski studio,,,RHC Salon,Maribor,2000,Taborska Ulica,97019,,,,,45582,0,,8,,Maribor Frizerski studio,
,,,59184224,http://www.estela.si/,,Frizerski studio,,,Estela trgovina Celje,Celje,3000,Mariborska cesta 86,97019,,,,,39021,1,61,10,5,Maribor Frizerski studio,3
,,,40733569,,,Frizerski studio,,,Frizerski studio Laval  Lampreht Valerija s.p.,Maribor,2000,Borova vas 1,97019,,,,,2240,0,,10,,Maribor Frizerski studio,
,,,40891616,,,Frizerski studio,,,Frizerstvo Aleš  Aljoša Matjašič s.p.,Maribor,2000,Ulica Staneta Severja 5b,97019,,,,,1541,0,,10,,Maribor Frizerski studio,
,,,,,,Frizerski studio,,,Capillus  frizerske in druge storitve d.o.o.,Maribor,2000,Partizanska cesta 77,97019,,,,,129475,0,,10,5,Maribor Frizerski studio,1
,,,31588448,,,Frizerski studio,,,Oblika - priprava za tisk in frizerstvo  Tanja Novak s.p.,Maribor,2000,Ulica Veljka Vlahovića 69,97019,,,,,2186,0,,10,,Maribor Frizerski studio,
,,,40624005,http://www.rabim.info/vesna-miklavzic-sp-247911,,Frizerski studio,,,Frizerstvo Vesna Miklavžič s.p.,Maribor,2000,Smetanova ulica 57,97019,,,,,2230,0,,10,,Maribor Frizerski studio,
,,,23302780,http://www.simple.si/,,Frizerski salon,,,SIMPLE,Maribor,2000,Ulica Eve Lovše 1,97019,,,,,909,1,78,1,4.2,Maribor Frizerski salon,40
,,,40633201,,,Frizerski salon,,,Frizerski studio Queen  frizerske in kozmetične storitve d.o.o.,Maribor,2000,Metelkova ulica 36,97019,,,,,891,0,,1,5,Maribor Frizerski salon,5
,,,26209667,http://www.nkmaribor.com/shop/kje_smo.asp,,Frizerski salon,,,Frizerska Bajta,Maribor,2000,Ulica Eve Lovše 1,97019,,,,,909,1,85,1,4.7,Maribor Frizerski salon,26
,,,40882408,,,Frizerski salon,,,Frizerski salon Alenka  Alenka Brusin s.p.,Maribor,2000,Ulica Staneta Severja 3b,97019,,,,,1522,0,,1,5,Maribor Frizerski salon,1
,,,23315353,,,Frizerski salon,,,Kojc Berta s.p. salon Berta - žensko frizerstvo,Maribor,2000,Poštelska ulica 1,97019,,,,,459,1,65,1,3,Maribor Frizerski salon,2
,,,31442222,http://frizer.podkalvarijo.si/o-nas/,,Frizerski salon,,,Frizerski Studio Brigita Novak S.P. nimamo solarija,Maribor,2000,Mladinska ulica 54,97019,,,,,38414,0,,1,4.9,Maribor Frizerski salon,7
,,,51643713,http://www.moj-frizer.si/,,Frizerski salon,,,Moj-Frizer.Si Martin Grajfoner S.P.,Maribor,2000,Kardeljeva cesta 73a,97019,,,,,1354,0,,1,4.8,Maribor Frizerski salon,10
,,,40820935,,,Frizerski salon,,,Studio Lumino  frizerstvo Nina Škrabl s.p.,Maribor,2000,Regentova ulica 7,97019,,,,,538,0,,1,4.8,Maribor Frizerski salon,24
,,,23313009,,,Frizerski salon,,,Frizerski Studio Hair Eferl Darja S.P.,Maribor,2000,Frankolovska ulica 1,97019,,,,,483,0,,1,4.9,Maribor Frizerski salon,8
,,,40262138,,,Frizerski salon,,,Frizerski Studio 1 Nevenka Vnuk S.P.,Maribor,2000,Koroška cesta 54,97019,,,,,1906,0,,5,3.8,Maribor Frizerski salon,9
,,,22527818,,,Frizerski salon,,,Frizerski Studio Mateja - M Mule Mateja S.P.,Maribor,2000,Koroška cesta 105,97019,,,,,2358,0,,5,5,Maribor Frizerski salon,13
,,,23326520,,,Frizerski salon,,,Frizerski Studio Verosa d.o.o.,Maribor,2000,Ljubljanska ulica 74,97019,,,,,774,0,,5,4.9,Maribor Frizerski salon,17
,,,24206327,,,Frizerski salon,,,Frizerstvo Taja - žensko frizerstvo  Seidl Tatjana s.p.,Maribor,2000,Prušnikova ulica 42,97019,,,,,1970,0,,5,4.3,Maribor Frizerski salon,9
,,,30244254,,,Frizerski salon,,,Crystal  frizerstvo,Maribor,2000,Gosposka ulica 3,97019,,,,,46081,1,63.5,5,4.7,Maribor Frizerski salon,15
,,,31493888,http://frizerstvo-p-maribor.poi.place/,,Frizerski salon,,,Frizerstvo uf  Uroš Horvat s.p.,Maribor,2000,Ljubljanska ulica 136,97019,,,,,1651,0,,5,5,Maribor Frizerski salon,44
,,,,http://si.near-place.com/frizerski-salon-aloja-koroska-cesta-74-maribor,,Frizerski salon,,,Frizerski salon ALOJA,Maribor,2000,Koroška cesta 74,97019,,,,,2041,1,50,5,4.9,Maribor Frizerski salon,23
,,,30203680,http://mitja.biz/,,Frizerski salon,,,M-Grupe  frizerske storitve Sonja Jeglič s.p.,Maribor,2000,Na Poljanah 18,97019,,,,,1937,1,82,5,4.5,Maribor Frizerski salon,6
,,,41246194,,,Frizerski salon,,,Frizerski salon Petra  Petra Mesarič s.p.,Maribor,2000,Poštelska ulica 1,97019,,,,,459,1,36,5,4.4,Maribor Frizerski salon,7
,,,41770075,,,Frizerski salon,,,Frizerski Studio Marjetka Marjeta GreifonerS.P.,Maribor,2000,Prvomajska ulica 35,97019,,,,,44496,1,40,5,4.8,Maribor Frizerski salon,4
,,,40330967,,,Frizerski salon,,,Frizerski Studio Z Stil  Zoran Strnad S.P.,Maribor,2000,Jadranska cesta 27,97019,,,,,1105,0,,5,5,Maribor Frizerski salon,1
,,,31232565,,,Frizerski salon,,,Frizerstvo Jernej Valentin Labaš s.p.,Maribor,2000,Pod vinogradi 18,97019,,,,,4449,0,,5,4.7,Maribor Frizerski salon,18
,,,22500644,http://www.cutngo.eu/,,Frizerski salon,,,Frizerstva Marko Matjaž Cut¨N go Marko Matjaž s.p.,Maribor,2000,Grajski trg 8,97019,,,,,32804,1,61,5,4.1,Maribor Frizerski salon,35
,,,70686963,,,Frizerski salon,,,"Frizerski salon ""A"" Andreja Klepec s.p.",Maribor,2000,Prešernova ulica 10a,97019,,,,,115571,1,65,7,5,Maribor Frizerski salon,3
,,,41946266,https://frizerstvo-weis-natasa-lovric-sp.business.site/?utm_source=gmb&utm_medium=referral%20%20%20%20%20%20%20%20%20%20%20%20%20%20%20%20%20%20%20%20%20%20%20%20%20%20%20%20%20%20%20%20%20%20%20%20%20%20%20%20%20%20%20%20%20%20%20%20%20https://www.facebook.com/Podalj%C5%A1evanje-trepalnic-Nata%C5%A1a-883806521643054%20%20%20%20%20%20%20%20%20%20%20%20%20%20%20%20%20%20%20%20%20%20%20%20%20%20%20%20%20%20%20%20%20%20%20%20%20%20%20%20%20%20%20%20%20%20%20%20%20%20%20%20%20%20%20%20%20%20%20%20%20%20%20%20%20%20%20%20%20%20%20%20%20%20%20%20%20%20%20%20%20%20%20%20%20%20%20%20%20%20%20%20%20%20%20%20%20%20%20https://www.facebook.com/Perfect_Nail_Studio-589961518168473,,Frizerski salon,,,Frizerstvo Weis  Nataša Lovrič s.p.,Maribor,2000,Ulica bratov Greifov 5,97019,,,,,1017,1,38,7,4.6,Maribor Frizerski salon,50
,,,,,,Frizerski salon,,,Killer scissors  Danuša Vravnik s.p. frizerske storitve,Maribor,2000,Hočka ulica 14,97019,,,,,510,0,,8,,Maribor Frizerski salon,
,,,31300887,,,Frizerski salon,,,Frizerstvo  Lidija Herga S.P.,Maribor,2000,Partizanska cesta 73,97019,,,,,130627,0,,8,,Maribor Frizerski salon,
,,,70810558,,,Frizerski salon,,,Miloš.Hair,Maribor,2000,Lackova cesta 39a,97019,,,,,3021,1,46,8,4.9,Maribor Frizerski salon,27
,,,34926100,http://www.spaspace.si/proshop.html,,Frizerski salon,,,Zoran Hair Spa,Maribor,2000,Gosposka ulica 30,97019,,,,,1707,0,,8,,Maribor Frizerski salon,
,,,22522743,,,Frizerski salon,,,Frizerski studio Bi-Bi Biserka Mergeduš s.p.,Maribor,2000,V Zavoju 29,97019,,,,,3671,0,,8,4.9,Maribor Frizerski salon,19
,,,22526573,,,Frizerski salon,,,Frizerski studio in  Urška Canjko s.p.,Maribor,2000,Šentiljska cesta 27,97019,,,,,2733,0,,8,4.9,Maribor Frizerski salon,20
,,,,,,Frizerski salon,,,Merilyn Monroe,Maribor,2000,Dalmatinska ulica 33,97019,,,,,805,1,61,8,4.2,Maribor Frizerski salon,5
,,,23323806,,,Frizerski salon,,,Frizerski salon Metka Arnuš Metka s.p.,Maribor,2000,Radvanjska cesta 35,97019,,,,,1238,0,,8,,Maribor Frizerski salon,
,,,40841640,,,Frizerski salon,,,Frizerski salon Irena Petek s.p.,Maribor,2000,Ulica Staneta Severja 17,97019,,,,,1784,0,,8,,Maribor Frizerski salon,
,,,70395058,,,Frizerski salon,,,Frizerski salon Aida  Aida Habibović s.p.,Maribor,2000,Partizanska cesta 47,97019,,,,,60752,0,,8,5,Maribor Frizerski salon,20
,,,41828354,,,Frizerski salon,,,Frizerski salon Lapačo  Andreja Tovornik Talavera s.p.,Maribor,2000,Ljubljanska ulica 15b,97019,,,,,732,0,,8,,Maribor Frizerski salon,
,,,24711032,,,Frizerski salon,,,Frizerski salon Monika Prevorčič Monika s.p.,Maribor,2000,Istrska ulica 48,97019,,,,,1833,0,,8,,Maribor Frizerski salon,
,,,31408660,http://salon-urska.si/,,Frizerski salon,,,Salon Urška,Maribor,2000,Na terasi 7a,97019,,,,,,0,,8,4.8,Maribor Frizerski salon,17
,,,41949525,http://www.lamaya.si/,,Kozmeticni studio,,,Kozmetični salon La Maya,Maribor,2000,Kardeljeva cesta 73,97019,,,,,1354,1,65,1,4.7,Maribor Kozmeticni studio,53
,,,31374456,,,Kozmeticni studio,,,STUDIO DEA  Studio za nego sprostitev in lepoto d.o.o.,Maribor,2000,Betnavska cesta 8,97019,,,,,1001,0,,1,5,Maribor Kozmeticni studio,2
,,,71346285,https://www.facebook.com/studio.diosa/,,Kozmeticni studio,,,Diosa TiM Lepotni studio,Maribor,2000,Limbuška cesta 49,97019,,,,,2943,1,47,1,,Maribor Kozmeticni studio,
,,,41719684,http://www.beauty-nives.si/,,Kozmeticni studio,,,Kozmetični salon Beauty,Maribor,2000,Ljubljanska ulica 22,97019,,,,,692,1,36.5,1,4.7,Maribor Kozmeticni studio,22
,,,70284235,http://www.studio-soncek.si/,,Kozmeticni studio,,,STUDIO SONČEK TABOR,Maribor,2000,Rezijanska ulica 23,97019,,,,,1104,1,69,1,4.7,Maribor Kozmeticni studio,142
,,,70365120,http://www.studio-soncek.si/,,Kozmeticni studio,,,Studio Sonček Center,Maribor,2000,Prešernova ulica 12b,97019,,,,,104959,1,19,1,,Maribor Kozmeticni studio,
,,,40209961,http://www.moja-dejavnost.si/tecaj-nege-obraza-telesa-maribor/ksenija-pehlic-simoncic-sp/MMxuDoDl,,Kozmeticni studio,,,Beauty World  Visagiranje - ličenje Ksenija Pehlič Simončič s.p.,Maribor,2000,Titova cesta 63,97019,,,,,210,0,,1,,Maribor Kozmeticni studio,
,,,40422372,,,Kozmeticni studio,,,Lepotni Studio Bonita,Maribor,2000,Šentiljska cesta 37c,97019,,,,,2974,0,,1,5,Maribor Kozmeticni studio,1
,,,40161733,http://www.beautybar.si/,,Kozmeticni studio,,,Lepotni studio Beauty Bar by Iris,Maribor,2000,Osojnikova ulica 27,97019,,,,,1571,1,64,1,5,Maribor Kozmeticni studio,6
,,,40309955,http://anubis.si/,,Kozmeticni studio,,,Kozmetični salon Anubis  Anastasiia Granda s.p.,Maribor,2000,Razlagova ulica 9,97019,,,,,40903,0,,1,5,Maribor Kozmeticni studio,5
,,,22512241,https://biokozmetika.si/,,Kozmeticni studio,,,"Kozmetični salon ""Biokozmetika"" in trgovina Darinka Kutnjak s.p.",Maribor,2000,Jurčičeva ulica 6,97019,,,,,1611,0,,1,5,Maribor Kozmeticni studio,1
,,,31332707,https://studiosafari.si/,,Kozmeticni studio,,,Sončni in lepotni studio safari  Tina Odlag s.p. kozmetični salon,Maribor,2000,Ruska ulica 6,97019,,,,,1768,1,91,1,5,Maribor Kozmeticni studio,3
,,,31817660,http://lepotilnicamb.si/,,Kozmeticni studio,,,Lepotilnica  salon za nego telesa,Maribor,2000,Ulica Staneta Severja 9b,97019,,,,,1593,0,,1,4.4,Maribor Kozmeticni studio,34
,,,40422372,,,Kozmeticni studio,,,Lepotni Studio Bonita Zvonka Ul S.P.,Maribor,2000,Šentiljska cesta 33,97019,,,,,16159,0,,1,,Maribor Kozmeticni studio,
,,,40201635,http://www.salonsafir.si/,,Kozmeticni studio,,,Kozmetični salon safir  Žanet Semenič s.p.,Maribor,2000,Ulica Eve Lovše 19,97019,,,,,1144,0,,1,5,Maribor Kozmeticni studio,2
,,,31853659,,,Kozmeticni studio,,,Kozmetični studio Cvetka kozmetika  Maja Senica Krstić s.p.,Maribor,2000,Ljubljanska ulica 25a,97019,,,,,556,1,66,1,,Maribor Kozmeticni studio,
,,,41387378,https://annabeautyroom.si/,,Kozmeticni studio,,,Kozmetični salon Anna Beauty Room Maribor,Maribor,2000,Titova cesta 53,97019,,,,,127,0,,1,4,Maribor Kozmeticni studio,3
,,,22513682,,,Kozmeticni studio,,,Lepotni salon Tjaša Bojana Ogorevc s.p.,Maribor,2000,Koroška cesta 33,97019,,,,,48644,1,64,1,4.7,Maribor Kozmeticni studio,18
,,,59951031,,,Kozmeticni studio,,,Kozmetični studio Sansana,Maribor,2000,Ljubljanska ulica 89,97019,,,,,1104,1,60,1,,Maribor Kozmeticni studio,
,,,41253635,,,Kozmeticni studio,,,Studio za nego telesa Petra  Petra Ujić s.p.,Maribor,2000,Framska ulica 9,97019,,,,,371,0,,5,4.8,Maribor Kozmeticni studio,13
,,,31305544,,,Kozmeticni studio,,,Larisa Pseid s.p.  manikiranje in ličenje Beauty corner by Larisa,Maribor,2000,Partizanska cesta 30,97019,,,,,130773,0,,5,,Maribor Kozmeticni studio,
,,,41712419,http://www.terapije.me/,,Kozmeticni studio,,,Presslight   Marjeta Šegrec s.p.,Maribor,2000,Antoličičeva ulica 8,97019,,,,,5530,1,55,5,3,Maribor Kozmeticni studio,1
,,,31817660,,,Kozmeticni studio,,,Brow Henna,Maribor,2000,Ulica Staneta Severja,97019,,,,,,0,,7,,Maribor Kozmeticni studio,
,,,40500206,,,Kozmeticni studio,,,Pogled lepote  podaljševanje obrvi in trepalnic Urška Barle s.p.,Maribor,2000,Zagrebška c. 20,97019,,,,,1250,0,,7,,Maribor Kozmeticni studio,
,,,22502298,http://www.urbani-spa.si/,,Kozmeticni studio,,,Urbani S.P.A. salon nege telesa - posredovanje in trgovina Lea Vihar Marguč s.p.,Maribor,2000,Sernčeva ulica 16,97019,,,,,2529,1,71,7,4.8,Maribor Kozmeticni studio,43
,,,31445802,https://www.maderoterapija.si/,,Kozmeticni studio,,,Perfect Madero Center,Maribor,2000,Ulica škofa Maksimilijana Držečnika 11,97019,,,,,1688,1,80,7,4.3,Maribor Kozmeticni studio,6
,,,40329101,https://dermica.business.site/?utm_source=gmb&utm_medium=referral,,Kozmeticni studio,,,Dermica,Maribor,2000,Ulica kneza Koclja 22,97019,,,,,1367,1,40,7,5,Maribor Kozmeticni studio,1
,,,23326216,,,Kozmeticni studio,,,M.B. avtomobili in lepotni studio M.M.  Bojan Mojzer s.p.,Maribor,2000,Ptujska cesta 133,97019,,,,,11657,1,45.5,7,3.4,Maribor Kozmeticni studio,5
,,,41235220,https://www.moja-dejavnost.si/manikura-in-pedikura-limbus/lepotni-studio-beauty-by-biluana-duska-vrbnjak-sp/MMxp3uZNQR,,Kozmeticni studio,,,BEAUTY BY BILUANA  Duška Vrbnjak s.p.,Maribor,2000,Limbuška cesta 66a,97019,,,,,2888,0,,7,,Maribor Kozmeticni studio,
,,,31248954,,,Kozmeticni studio,,,Frizerski in lepotilni BStudio,Maribor,2000,Dupleška cesta 33,97019,,,,,2714,1,66,7,4.9,Maribor Kozmeticni studio,110
,,,31585699,http://www.imprim.si/,,Kozmeticni studio,,,Imprim Kozmetika Maja Nosan s.p.,Marka,Kraljeviča,Industrijska cona Melje,97019,,,,,7544453,1,40,7,4.4,Maribor Kozmeticni studio,14
,,,41213516,,,Kozmeticni studio,,,Energija lepote,Maribor,2000,Partizanska cesta,97019,,,,,2321,0,,7,,Maribor Kozmeticni studio,
,,,51202934,http://www.mandara.si/,,Kozmeticni studio,,,Mandara  Nepalski Ajurveda Lepotni Center Gopali Bheshana S.P.,Maribor,2000,Osojnikova ulica 8,97019,,,,,1463,1,36,7,4.9,Maribor Kozmeticni studio,7
,,,70114719,https://www.moja-dejavnost.si/ugodna-anticelulitna-masaza-maribor/barby-beauty-nega-telesa-barbara-gregorn-sp/MMxoQk5NQR,,Kozmeticni studio,,,Barby beauty  nega telesa Barbara Gregorn  s.p.,Maribor,2000,Ljubljanska ulica 33,97019,,,,,190220,0,,7,,Maribor Kozmeticni studio,
,,,40922790,http://www.lashroom.si/,,Kozmeticni studio,,,Lash Room,Maribor,2000,Ulica Štravhovih 23,97019,,,,,1885,0,,7,5,Maribor Kozmeticni studio,1
,,,51364429,,,Kozmeticni studio,,,Studio Neva nega nohtov Nevenka Ivačič s.p.,Maribor,2000,Korčetova ulica 10,97019,,,,,2055,0,,7,,Maribor Kozmeticni studio,
,,,,,,Kozmeticni studio,,,Lepotni studio Lavanda  Olena Turkuš s.p.,Maribor,2000,Strossmayerjeva ulica 32a,97019,,,,,2065,0,,7,,Maribor Kozmeticni studio,
,,,24204090,,,Kozmeticni studio,,,Pedikerski Salon Celinger Irena S.P.,Maribor,2000,Veselova ulica 3,97019,,,,,2099,0,,7,4.5,Maribor Kozmeticni studio,2
,,,,,,Kozmeticni studio,,,Š Nails  Špela Markelc s.p.  Geliranje nohtov,Maribor,2000,Panonska ulica 7,97019,,,,,39054,0,,7,,Maribor Kozmeticni studio,
,,,,,,Kozmeticni studio,,,Marina Tischler s.p.  kozmetična dejavnost,Maribor,2000,V klancu 7,97019,,,,,3924,0,,7,,Maribor Kozmeticni studio,
,,,31760456,,,Kozmeticni studio,,,House of Beauty  urejanje nohtov in podaljševanje trepalnic Valerija Maneva s.p.,Maribor,2000,Milčinskega ulica 15,97019,,,,,1646,1,74,7,5,Maribor Kozmeticni studio,1
,,,,,,Kozmeticni studio,,,Depilacija v mestu  kozmetika Liljana Aetović s.p.,Maribor,2000,Lackova cesta 78a,97019,,,,,3327,0,,8,5,Maribor Kozmeticni studio,1
,,,,,,Kozmeticni studio,,,Lepotni salon Bamboo  Mateja Koren s.p.,Maribor,2000,Gregorčičeva ulica 29b,97019,,,,,118733,0,,8,,Maribor Kozmeticni studio,
,,,31393986,,,Kozmeticni studio,,,Lotos Spa,Maribor,2000,Železnikova ulica 4,97019,,,,,1447,1,,8,4.1,Maribor Kozmeticni studio,11
,,,22509330,,,Kozmeticni studio,,,Salon oken  družba za proizvodnjo trgovino in storitve d.o.o.,Maribor,2000,Šentiljska cesta 40,97019,,,,,16159,0,,8,,Maribor Kozmeticni studio,
,,,69748386,https://sorelle.si/,,Kozmeticni salon,,,Sorelle - salon lepote in zdravja,Maribor,2000,Šarhova ulica 35,97019,,,,,16222,1,60,1,5,Maribor Kozmeticni salon,2
,,,69655380,https://www.moja-dejavnost.si/dobra-medicinska-pedikura-maribor/tamara-sabotin-sp/MMxnMlNNQR,,Kozmeticni salon,,,KOZMETIČNI SALON DIONA  Tamara Sabotin s.p.,Maribor,2000,Ptujska cesta 155,97019,,,,,2501,0,,1,,Maribor Kozmeticni salon,
,,,70534591,https://monessa.si/,,Kozmeticni salon,,,Kozmetični salon Monessa,Maribor,2000,Gregorčičeva ulica 27,97019,,,,,153203,1,60,1,,Maribor Kozmeticni salon,
,,,40122199,https://beauty-box.si/,,Kozmeticni salon,,,Kozmetični salon Beauty Box  Nives Bezjak s.p.,Maribor,2000,Rezijanska ulica 19,97019,,,,,1126,0,,1,,Maribor Kozmeticni salon,
,,,69655939,,,Kozmeticni salon,,,Kozmetični salon Nanala,Maribor,2000,Obrežna ulica 47,97019,,,,,2659,1,45,1,5,Maribor Kozmeticni salon,4
,,,70809017,http://www.salon-nush.si/,,Kozmeticni salon,,,Lepotni salon NUSH,Maribor,2000,Frankolovska ulica 3,97019,,,,,478,0,,1,5,Maribor Kozmeticni salon,4
,,,,,,Kozmeticni salon,,,Betnavčica  atelje za nego telesa in obraza Majda Vidovič s.p.,Maribor,2000,Lackova cesta 43b,97019,,,,,3113,0,,4,4.9,Maribor Kozmeticni salon,22
,,,51313366,,,Kozmeticni salon,,,Sky center,Maribor,2000,Turnerjeva ulica 41,97019,,,,,2654,0,,4,4.7,Maribor Kozmeticni salon,25
,,,41651269,,,Kozmeticni salon,,,Manikira Urban Spa,Maribor,2000,Cesta proletarskih brigad 100,97019,,,,,2413,0,,4,3.7,Maribor Kozmeticni salon,3
,,,51307402,https://valeo.si/,,Kozmeticni salon,,,Valeo mediestetic,Maribor,2000,Ul. Frana Žižka 22,97019,,,,,,0,,4,5,Maribor Kozmeticni salon,1
,,,41544170,,,Kozmeticni salon,,,Kozmetično pedikerski studio Meti-Line Metka Cafuta Repnik s.p.,Maribor,2000,Jezdarska ulica 5,97019,,,,,993,0,,4,5,Maribor Kozmeticni salon,3
,,,40452080,,,Kozmeticni salon,,,Studio bodi vidna  Katja Kapun s.p. podaljševanje trepalnic in prodaja kozmetike,Maribor,2000,Cafova ulica 2,97019,,,,,13809,0,,4,5,Maribor Kozmeticni salon,1
,,,,,,Kozmeticni salon,,,Adore  salon za nego telesa Lara Kovačevič s.p.,Maribor,2000,Ljubljanska ulica 88c,97019,,,,,973,0,,4,5,Maribor Kozmeticni salon,5
,,,,,,Kozmeticni salon,,,Viki salon  kozmetične storitve in nega d.o.o.,Maribor,2000,Prešernova ulica 30b,97019,,,,,43586,0,,4,,Maribor Kozmeticni salon,
,,,51861251,,,Kozmeticni salon,,,Angel Lash studio  nega telesa Inna Magdenko s.p.,Maribor,2000,Knafelčeva ulica 26,97019,,,,,1512,0,,4,5,Maribor Kozmeticni salon,1
,,,41962467,,,Kozmeticni salon,,,Spirita - studio za oblikovanje telesa,Maribor,2000,Prešernova ulica 10 A,97019,,,,,115571,1,30,8,,Maribor Kozmeticni salon,
,,,23203084,,,Kozmeticni salon,,,Sai Thai,Maribor,2000,Popovičeva ulica,97019,,,,,,0,,8,,Maribor Kozmeticni salon,
,,,40165937,https://talaspa.si/,,Kozmeticni salon,,,Tala SPA (Wellness  tajske in filipinske masaže kozmetika),Maribor,2000,Metelkova ulica 26,97019,,,,,963,1,98,8,3.9,Maribor Kozmeticni salon,14
,,,,,,Kozmeticni salon,,,Lamaya  kozmetične trgovske in druge storitve d.o.o,Maribor,2000,Jarčeva ulica 35,97019,,,,,3541,0,,8,,Maribor Kozmeticni salon,
,,,41876254,http://tinkafrizure.business.site/,,Kozmeticni salon,,,TINKA FRIZURE frizerski salon  Tinka Dobaja s.p.,Maribor,2000,Koroška cesta 105a,97019,,,,,2358,1,60,8,4.6,Maribor Kozmeticni salon,43
,,,22513452,,,Kozmeticni salon,,,Pedikura  Manikura Refleksna masaža Liljana Markov s.p.,Maribor,2000,Gosposka ulica 9,97019,,,,,,0,,8,5,Maribor Kozmeticni salon,3
,,,41587049,,,Kozmeticni salon,,,Frizerski studio White,Maribor,2000,Regentova ulica 1,97019,,,,,558,1,49,8,5,Maribor Kozmeticni salon,1
,,,41349576,,,Kozmeticni salon,,,KOZMETIČNI SALON IZVIR LEPOTE NATAŠA BRATKOVIČ S.P.,Spodnji,2241,Zgornji Duplek 129,97019,,,,,3098,0,,8,5,Maribor Kozmeticni salon,2
,,,,,,Lepotna nega,,,Lepotni salon Zarja  nega Rok in nog Maja Seničer s.p.,Maribor,2000,Partizanska cesta 13a,97019,,,,,100578,0,,1,5,Maribor Lepotna nega,1
,,,70555846,,,Lepotna nega,,,Studio Naila - nega Rok  oblikovanje in poslikava nohtov Ines Majer s.p.,Maribor,2000,Klinetova ulica 6,97019,,,,,1995,0,,1,,Maribor Lepotna nega,
,,,,,,Lepotna nega,,,Kozmetični salon Lamaya nega telesa  Žiga Špenko s.p.,Maribor,2000,Jarčeva ulica 35,97019,,,,,3541,0,,1,,Maribor Lepotna nega,
,,,30340646,,,Lepotna nega,,,Studio SK Suzana Tor s.p.  nega telesa,Maribor,2000,Panonska ulica 7,97019,,,,,39054,0,,1,,Maribor Lepotna nega,
,,,31560017,,,Lepotna nega,,,Nega telesa  Geršak Mojca s.p.,Maribor,2000,Kavčičeva ulica 14,97019,,,,,2245,0,,1,4,Maribor Lepotna nega,3
,,,41251069,http://matejanabersnik.si/,,Lepotna nega,,,Ličenje  nega obraza in telesa Mateja Naberšnik,Maribor,2000,Koroška cesta 63,97019,,,,,34380,0,,1,5,Maribor Lepotna nega,1
,,,41363860,https://nega-koze-in-oblikovanje-telesa-ksenija-lesnik.business.site/,,Lepotna nega,,,NEGA KOŽE IN OBLIKOVANJE TELESA  KSENIJA LEŠNIK MIHOLIČ S.P.,Maribor,2000,Ulica kneza Koclja 22,97019,,,,,1367,0,,1,,Maribor Lepotna nega,
,,,70670806,,,Lepotna nega,,,Jakob Ules s.p.  nega telesa,Maribor,2000,Berglesova ulica 24,97019,,,,,1392,1,56,1,5,Maribor Lepotna nega,2
,,,31866777,https://www.facebook.com/frombeautytodiva/,,Lepotna nega,,,From Beauty To Diva,Maribor,2000,Žolgarjeva ulica 17,97019,,,,,800,0,,1,5,Maribor Lepotna nega,5
,,,70528129,,,Lepotna nega,,,Babor,Maribor,2000,Dalmatinska ulica 33,97019,,,,,805,0,,1,,Maribor Lepotna nega,
,,,31709269,,,Lepotna nega,,,Studio lady  oblikovanje in nega nohtov izdelovanje drobnih predmetov iz raznih materialov  Milena Medja s.p.,Maribor,2000,Lackova cesta 78,97019,,,,,3327,0,,1,5,Maribor Lepotna nega,1
,,,31760280,http://perfectbodycenter.si/,,Lepotna nega,,,Perfect Body center,Maribor,2000,Lackova cesta 41,97019,,,,,3118,1,64,1,5,Maribor Lepotna nega,18
,,,41903327,http://salon-vitalis.si/kontakt/,,Lepotna nega,,,Vitalis - Nega Obraza In Telesa  Lana Bertol S.P.,Maribor,2000,Ulica heroja Nandeta 37,97019,,,,,2194,0,,1,5,Maribor Lepotna nega,5
,,,40505579,https://www.lovelysalon.si/kontakt/,,Lepotna nega,,,Lovely Lepotni Salon,Maribor,2000,Kardeljeva cesta 80,97019,,,,,1421,0,,4,5,Maribor Lepotna nega,1
,,,70611184,https://www.facebook.com/maniqlepotnistudio,,Lepotna nega,,,Maniq lepotni studio  manikura in nega telesa Tadeja Črnčec s.p.,Miklavž,2204,Ptujska cesta 47,97019,,,,,42481,0,,4,,Maribor Lepotna nega,
,,,70807097,,,Lepotna nega,,,Lepotni Salon Attar,Maribor,2000,Ulica Staneta Severja 5b,97019,,,,,1541,1,56,4,,Maribor Lepotna nega,
,,,31741889,https://www.mojurnik.si/monalisa,,Lepotna nega,,,Salon telesne nege - Mona Lisa  LIRIS d.o.o.,Slovenska,2310,Zadružna ulica 1,97019,,,,,551854,1,65,7,5,Maribor Lepotna nega,14
,,,,,,Lepotna nega,,,Diamant Nails  nega telesa Františka Golub s.p.,Ptuj,2250,Trstenjakova ulica 5a,97019,,,,,34201,0,,7,5,Maribor Lepotna nega,3
,,,31406338,https://www.neguj.se/,,Lepotna nega,,,Kozmetični salon Neguj.SE  Danijela Cerovak s.p.,Ljubljana,1000,Tacenska cesta 108,97019,,,,,6041,1,60,7,4.9,Maribor Lepotna nega,71
,,,27031119,,,Lepotna nega,,,LEPOTNI SALON Benedikt,Benedikt,2234,Nasipna ulica 12,97019,,,,,167,1,41,7,4,Maribor Lepotna nega,4
,,,40866497,https://lepotnisalonmateja.si/,,Lepotna nega,,,Lepotni salon Mateja,Podčetrtek,3254,Trška cesta 2,97019,,,,,1376,0,,7,5,Maribor Lepotna nega,3
,,,41806910,http://www.studiodanijela.si/,,Lepotna nega,,,Studio Lepote Danijela,Lenart,2230,Industrijska ulica 58,97019,,,,,13443,1,40,7,4.1,Maribor Lepotna nega,9
,,,35740330,,,Lepotna nega,,,Kozmetični salon Barbara Barbara Lavre s.p.,Šentjur,3230,Ulica skladateljev Ipavcev 1,97019,,,,,593,0,,7,4.7,Maribor Lepotna nega,10
,,,40837878,http://www.studionives.si/,,Lepotna nega,,,Salon sprostitve  zdravja in lepote Studio Nives,Gornja,9250,Panonska ulica 6,97019,,,,,13368,0,,7,4.8,Maribor Lepotna nega,55
,,,70388299,http://nomasvello.si/,,Lepotna nega,,,Nomasvello Murska Sobota,Murska,9000,Slomškova ulica 51,97019,,,,,261,1,40,7,5,Maribor Lepotna nega,12
,,,35862250,http://www.kozmetika-iris.com/,,Lepotna nega,,,Kozmetika Iris  Metka Kaligaro S.P.,Velenje,3320,Cesta I 8,97019,,,,,2080,0,,7,4.8,Maribor Lepotna nega,45
,,,40355612,http://www.studio-naturalis.si/,,Lepotna nega,,,Kozmetični studio in solna terapija Naturalis Ptuj,Ptuj,2250,Rajšpova ulica 1,97019,,,,,737,1,40,7,5,Maribor Lepotna nega,1
,,,41784828,,,Lepotna nega,,,Nega Telesa Renata Majer S.P.,Maribor,2000,Dupleška cesta 92,97019,,,,,3201,0,,7,,Maribor Lepotna nega,
,,,30651698,,,Lepotni studio,,,Lepotni studio Dianeli  podaljševanje trepalnic in Manikura Diana Lauko s.p.,Maribor,2000,Prvomajska ulica 25,97019,,,,,1819,0,,1,4.5,Maribor Lepotni studio,12
,,,31554641,,,Lepotni studio,,,Lepotni salon Venus  Nina Kodrič s.p.,Maribor,2000,Kardeljeva cesta 94,97019,,,,,1486,0,,1,,Maribor Lepotni studio,
,,,,,,Lepotni studio,,,Lepotni studio N  Natalija Vidmajer s.p.,Maribor,2000,Ulica Frana Kovačiča 3,97019,,,,,39201,0,,1,,Maribor Lepotni studio,
,,,40549320,,,Lepotni studio,,,Studio Bina-Ils  Albina Pečko s.p. Manikura in podaljševanje trepalnic,Maribor,2000,Dalmatinska ulica 11,97019,,,,,168065,0,,1,5,Maribor Lepotni studio,7
,,,30360505,http://www.depilacije.si/,,Lepotni studio,,,Valentina studio lepote Valentina Novaković s.p.,Maribor,2000,Gosposvetska cesta 31,97019,,,,,2101,1,60,1,4.8,Maribor Lepotni studio,37
,,,31285492,https://philaser.si/,,Lepotni studio,,,Phi Laser,Maribor,2000,Kardeljeva cesta 85,97019,,,,,1447,0,,6,4.8,Maribor Lepotni studio,19
,,,69834937,http://brazilskadepilacija.si/,,Lepotni studio,,,Brazilska depilacija,Maribor,2000,Dragonijeva ulica 3,97019,,,,,1611,0,,6,,Maribor Lepotni studio,
,,,40307167,,,Lepotni studio,,,Ana Lang s.p.  kozmetični studio,Maribor,2000,Jurčičeva ulica 6,97019,,,,,1611,0,,6,,Maribor Lepotni studio,
,,,40164331,,,Lepotni studio,,,Blush  storitve za nego telesa in druge poslovne storitve Ana Suhodolčan s.p.,Maribor,2000,Zagrebška c. 9,97019,,,,,72599,0,,6,5,Maribor Lepotni studio,3
,,,70188284,,,Lepotni studio,,,Studio D nails  manikura Danijela Lempić s.p.,Maribor,2000,Šentiljska cesta 37c,97019,,,,,2974,0,,6,,Maribor Lepotni studio,
,,,41970169,,,Lepotni studio,,,Lorem  ines Ketiš s.p. Clarissa nails Slovenija,Maribor,2000,Vrazova ulica 42,97019,,,,,1930,0,,6,4.3,Maribor Lepotni studio,29
,,,31205802,,,Lepotni studio,,,Pedikerski salon Mojca  Mojca Rešl s.p.,Maribor,2000,Jezdarska ulica 22,97019,,,,,714,0,,6,,Maribor Lepotni studio,
,,,31350431,http://www.rabim.info/simakkozmetika-masaza-pedikura-tadeja-ketis-sp-150125,,Lepotni studio,,,Kozmetika  masaža pedikura Tadeja Ketiš s.p.,Maribor,2000,Kopitarjeva ulica 2,97019,,,,,103340,0,,6,5,Maribor Lepotni studio,4
,,,41795504,http://www.ksenija-nails.si/,,Lepotni studio,,,Ksenija Nails,Maribor,2000,Radovanova ulica 12,97019,,,,,3202,0,,6,5,Maribor Lepotni studio,1
,,,41245555,,,Lepotni studio,,,Kontić Biljana s.p.  kozmetični studio 5,Maribor,2000,Strossmayerjeva ulica 32a,97019,,,,,2065,0,,6,5,Maribor Lepotni studio,2
,,,70618499,,,Lepotni studio,,,Maribor INK Tattoo Studio in Lasersko odstranjevanje,Maribor,2000,Kardeljeva cesta 63,97019,,,,,1299,0,,6,4.9,Maribor Lepotni studio,110
,,,40696530,,,Lepotni studio,,,Vitana  Saša Memon Artenjak s.p. Negovalni salon,Maribor,2000,Žabotova ulica 5,97019,,,,,2559,1,50,6,4.7,Maribor Lepotni studio,7
,,,40211442,https://www.moja-dejavnost.si/ugodni-gelirani-nohti-maribor/adrijana-robic-sp-kozmeticne-storitve/MM1oWL9h,,Lepotni studio,,,Adrijana Robič s.p.  kozmetične storitve,Maribor,2000,Meljska c. 5,97019,,,,,1866,0,,6,1,Maribor Lepotni studio,2
,,,22927720,http://www.mc-betnava.si/,,Lepotni studio,,,Medicinski center Betnava d.o.o.,Maribor,2000,Ljubljanska ulica 89,97019,,,,,1104,1,53,6,3.9,Maribor Lepotni studio,20
,,,40612858,https://satin.si/,,Lepotni studio,,,Atelje Satin,Maribor,2000,Panonska ulica 5,97019,,,,,2968,0,,7,5,Maribor Lepotni studio,1
,,,40467317,https://kozmeticni-salon-sivka.business.site/,,Lepotni studio,,,Kozmetični salon Sivka Sara Soršak s.p.,Maribor,2000,Razlagova ulica 11-6. nadstropje,97019,,,,,1949,0,,7,5,Maribor Lepotni studio,3
,,,,,,Lepotni studio,,,Kozmetična dejavnost  Janja Frim s.p.,Maribor,2000,Radvanjska cesta 29,97019,,,,,1195,0,,7,,Maribor Lepotni studio,
,,,51208200,https://odsevlepote.si/,,Lepotni studio,,,Odsev lepote  frizerski salon Simona Špešič s.p.,Maribor,2000,Ulica Staneta Severja 17,97019,,,,,1784,1,60,7,4.8,Maribor Lepotni studio,69
,,,26591778,,,Lepotni studio,,,Estetsko Negovalni studio Mirjam Mirjana Kopše s.p.,Miklavž,2204,Ptujska cesta 32,97019,,,,,25474,0,,7,4.9,Maribor Lepotni studio,10
,,,41717794,,,Lepotni studio,,,Frizerski in maserski salon Liked Edžerin Mujagić s.p.,Maribor,2000,Loška ulica 10,97019,,,,,1349,0,,7,,Maribor Lepotni studio,
,,,41520920,,,Lepotni studio,,,Lepotni salon diva  nega telesa Andrea Lobenwein s.p.,Orehova,2312,Ob nadvozu 1,97019,,,,,1367,1,43,7,5,Maribor Lepotni studio,22
,,,41369245,,,Lepotni studio,,,Klavdija Drakšić s.p.  podaljševanje nohtov,Maribor,2000,Kardeljeva cesta 80,97019,,,,,1421,0,,7,5,Maribor Lepotni studio,1
,,,41474068,,,Frizerski studio,,,Frizerski studio Iris  Štebih Iris s.p.,Ptuj,2250,Ormoška cesta 112a,18004,,,,,27192,0,,1,5,Ptuj Frizerski studio,4
,,,31785847,https://jasminlorencic.com/,,Frizerski studio,,,Frizerski studio Jasmin Lorenčič,Ptuj,2250,Miklošičeva ulica 5,18004,,,,,33912,1,52,1,4.8,Ptuj Frizerski studio,52
,,,31669600,https://www.instagram.com/ptujskadiva/,,Frizerski studio,,,Frizerski studio diva Renata Krajnc s.p. - Frizer Ptuj,Ptuj,2250,Dravska ulica 8,18004,,,,,38824,1,37,1,4.6,Ptuj Frizerski studio,15
,,,27764561,http://www.frizerstvo-brigita.si/,,Frizerski studio,,,"Pušnik Brigita s.p. - frizerstvo ""Brigita""",Ptuj,2250,Osojnikova cesta 3,18004,,,,,331,1,56,1,4.8,Ptuj Frizerski studio,55
,,,27712030,https://www.moja-dejavnost.si/frizerski-salon-ptuj/hamersak-jozica-sp-frizerski-studio-joca/MM1KFSAq,,Frizerski studio,,,Hameršak Jožica s.p.  frizerski studio Joca,Ptuj,2250,Osojnikova cesta 22,18004,,,,,940,1,46,1,4.3,Ptuj Frizerski studio,14
,,,27481623,http://www.studioreal.si/kontakt.html,,Frizerski studio,,,Studio REAL,Ptuj,2250,Potrčeva cesta 4a,18004,,,,,203,0,,1,5,Ptuj Frizerski studio,1
,,,41677972,,,Frizerski studio,,,Frizerski studio Nani  Adrijana Koser s.p.,Ptuj,2250,Trstenjakova ulica 5,18004,,,,,34201,0,,1,5,Ptuj Frizerski studio,8
,,,27792251,,,Frizerski studio,,,Piškur Tomaž S.P.- frizerski studio Avatar,Ptuj,2250,Osojnikova cesta 9,18004,,,,,318,1,37,1,4.8,Ptuj Frizerski studio,6
,,,27715461,,,Frizerski studio,,,Frizerski Studio Gita,Ptuj,2250,Ulica heroja Lacka 10,18004,,,,,269,1,40,1,4.7,Ptuj Frizerski studio,19
,,,41846379,,,Frizerski studio,,,Frizerski Studio Stella  Grabrovec Barbara S.P.,Ptuj,2250,Rogozniška cesta 38,18004,,,,,406,0,,1,5,Ptuj Frizerski studio,28
,,,27710025,,,Frizerski studio,,,Frizerski studio Nada  Kirbiš Nada s.p.,Ptuj,2250,Potrčeva cesta 56,18004,,,,,573,1,51,1,5,Ptuj Frizerski studio,20
,,,27711135,http://www.retro.si/,,Frizerski studio,,,Frizerski Center RETRO,Ptuj,2250,Ulica 25. maja 14,18004,,,,,975,1,63,1,4.7,Ptuj Frizerski studio,37
,,,,,,Frizerski studio,,,Studio Mirus  Tanja Gojčič s.p.,Ptuj,2250,Ormoška cesta 18,18004,,,,,639,0,,1,5,Ptuj Frizerski studio,3
,,,27710151,http://www.simple.si/,,Frizerski studio,,,SIMPLE - Ptuj Supernova Qlandija,Ptuj,2250,Ormoška cesta 15,18004,,,,,603,1,73,1,4.4,Ptuj Frizerski studio,57
,,,27450111,,,Frizerski studio,,,Frizerski salon - Frizerstvo Mili,Ptuj,2250,Cankarjeva ulica 8,18004,,,,,326,1,45,1,5,Ptuj Frizerski studio,5
,,,27711135,http://www.retro.si/,,Frizerski studio,,,Retro Ptuj,Ptuj,2250,Ulica 25. maja,18004,,,,,179921,0,,1,5,Ptuj Frizerski studio,1
,,,40160959,,,Frizerski studio,,,Frizerski studio Muc Renato Krajnc s.p.,Ptuj,2250,Ulica 25. maja 12,18004,,,,,179867,0,,1,5,Ptuj Frizerski studio,13
,,,31359618,https://katcut-frizerski-studio-katja-janzekovic-sp.business.site/,,Frizerski studio,,,KatCut  frizerski studio Katja Janžekovič s.p.,Ptuj,2250,Rajšpova ulica 26,18004,,,,,753,1,36,1,5,Ptuj Frizerski studio,11
,,,40191966,,,Frizerski studio,,,Frizerska dejavnost  studio Mirus - Tanja Gojčič s.p.,Ptuj,2250,Na Jasi 44,18004,,,,,1861,0,,1,5,Ptuj Frizerski studio,1
,,,27877402,,,Frizerski studio,,,"Dončec Zdenka s.p. - moški in ženski frizerski salon ""Pramenček""",Ptuj,2250,Arbajterjeva ulica 2,18004,,,,,862,0,,4,,Ptuj Frizerski studio,
,,,31231626,,,Frizerski studio,,,Frizerski studio Frizi  Sandra Hruškar s.p.,Ptuj,2250,Ulica 5. prekomorske 9,18004,,,,,898,0,,4,5,Ptuj Frizerski studio,1
,,,41984511,,,Frizerski studio,,,"Cafuta Majda s.p. - frizerski salon ""Špela""",Ptuj,2250,Črtkova ulica 18,18004,,,,,134455,0,,4,,Ptuj Frizerski studio,
,,,51425533,,,Frizerski studio,,,Frizerski studio  Darja Ozvald s.p.,Ptuj,2250,Vičava 105,18004,,,,,681,0,,4,4.8,Ptuj Frizerski studio,5
,,,41865593,,,Frizerski studio,,,Andy-Frizerski salon Radolič Andreja s.p.,Ptuj,2250,Ulica 25. maja 7,18004,,,,,179943,0,,4,5,Ptuj Frizerski studio,1
,,,27710151,,,Frizerski studio,,,Sojer frizersko in kozmetično podjetje d.o.o.,Ptuj,2250,Ormoška cesta 15,18004,,,,,603,0,,4,,Ptuj Frizerski studio,
,,,31300186,,,Frizerski studio,,,Frizerski studio Ella  Manuela Murko s.p.,Videm,2284,Videm pri Ptuju 1,18004,,,,,207173,0,,4,4.8,Ptuj Frizerski studio,31
,,,27823291,,,Frizerski salon,,,Ciglar-Kelemen Sonja S.P. - Frizerski Salon Kelemen Maja & Tomi,Ptuj,2250,Zagrebška cesta 7,18004,,,,,62464,1,41,1,4.9,Ptuj Frizerski salon,24
,,,27784101,,,Frizerski salon,,,"Gojkošek Neva s.p. - frizerski studio ""Neva""",Ptuj,2250,Arbajterjeva ulica 3,18004,,,,,848,1,39,1,5,Ptuj Frizerski salon,20
,,,40130848,,,Frizerski salon,,,HAIR STUDIO Alen Krojsl,Ptuj,2250,Trstenjakova ulica 5a,18004,,,,,34201,0,,1,4.9,Ptuj Frizerski salon,15
,,,27820070,,,Frizerski salon,,,"Nemec Marija S.P.- frizerski salon ""Ježek",Ptuj,2250,Selska cesta 24,18004,,,,,60487,1,,1,5,Ptuj Frizerski salon,16
,,,41682578,https://www.moja-dejavnost.si/odprt-frizerski-salon-ptuj/frizerstvo-tina-frizerske-storitve-martina-antonic-sp/MM1MbSIL,,Frizerski salon,,,Frizerstvo Tina  frizerske storitve Martina Antonič s.p.,Ptuj,2250,Mlinska cesta 1f,18004,,,,,136058,1,65,1,4.9,Ptuj Frizerski salon,14
,,,30259630,,,Frizerski salon,,,Hair Master  frizerske storitve Džimi Zemljič s.p.,Ptuj,2250,Maistrova ulica 1,18004,,,,,111841,1,66,1,4.8,Ptuj Frizerski salon,21
,,,27710967,https://bio-las.si/,,Frizerski salon,,,"Šoštarič Simona s.p. - ""Biolas"" frizerstvo  posredništvo pedikura in kozmetika",Supermesto,TC,Supermesto,18004,,,,,0,1,55,1,4.5,Ptuj Frizerski salon,18
,,,27825281,,,Frizerski salon,,,Krajnc Tatjana S.P. - Frizerstvo Tanja,Ptuj,2250,Draženska cesta 11,18004,,,,,2501,0,,1,4.2,Ptuj Frizerski salon,16
,,,31629815,,,Brivec,,,Lux Ptuj,Ptuj,2250,Ulica Viktorina Ptujskega 5,18004,,,,,32,0,,1,,Ptuj Brivec,
,,,27642511,https://www.moja-dejavnost.si/dober-frizerski-salon-videm-pri-ptuju/kmetec-klavdija-sp---frizerstvo-klavdija/MM11KJyT,,Brivec,,,"FRIZERSTVO ""KLAVDIJA"" KMETEC KLAVDIJA S.P.",Videm,2284,Pobrežje 8a,18004,,,,,205974,1,55,1,4.6,Ptuj Brivec,43
,,,40341474,,,Brivec,,,Suzana Lovrec s.p. - moško in žensko frizerstvo,Ptuj,2250,Spuhlja 25,18004,,,,,3222,0,,1,5,Ptuj Brivec,4
,,,40166068,,,Brivec,,,Bella  frizerstvo Jasna Topolnik s.p.,Ptuj,2250,Ulica 25. maja 12,18004,,,,,179867,0,,1,,Ptuj Brivec,
,,,41313089,https://www.moja-dejavnost.si/dober-frizerski-salon-ptuj/kitka-frizerski-salon-alenka-kostanjevec-sp/MMxnT3xNQR,,Brivec,,,KITKA  frizerski salon Alenka Kostanjevec s.p.,Ptuj,2250,Podvinci 66,18004,,,,,4191,0,,1,5,Ptuj Brivec,2
,,,,http://www.qcenterptuj.si/,,Brivec,,,Qcenter Ptuj,Ptuj,2250,Puhova ulica 21,18004,,,,,1141,1,72,1,4.4,Ptuj Brivec,1
,,,31740653,,,Brivec,,,FRIZER MARTIST,Ptuj,2250,Osojnikova cesta 3,18004,,,,,331,1,56,1,5,Ptuj Brivec,2
,,,41805661,https://www.moja-dejavnost.si/dober-frizerski-studio-ptuj/frizerski-studio-blanka-blanka-slacek-sp/MM1qfCf5,,Brivec,,,FRIZERSKI STUDIO BLANKA  BLANKA SLAČEK S.P.,Ptuj,2250,Slomškova ulica 22,18004,,,,,46,0,,1,,Ptuj Brivec,
,,,41394824,http://www.lepotnistudio-lavanda.si/,,Kozmeticni studio,,,Lepotni studio Lavanda  Elena Ber s.p.,Ptuj,2250,Osojnikova cesta 22,18004,,,,,940,0,,1,4.6,Ptuj Kozmeticni studio,31
,,,27795051,http://www.rabim.info/zagorsek-silva-sp-kozmeticni-studio-silva-9605,,Kozmeticni studio,,,Zagoršek Silva s.p. - kozmetični studio Silva,Ptuj,2250,Golobova ulica 9,18004,,,,,2727,0,,1,4.2,Ptuj Kozmeticni studio,5
,,,31684912,https://www.kozmeticnistudio-olimpic.si/,,Kozmeticni studio,,,Kozmetični studio Olimpic,Ptuj,2250,Mestni trg 4,18004,,,,,69371,1,50,1,,Ptuj Kozmeticni studio,
,,,41493344,https://www.moja-dejavnost.si/nega-obraza-in-depilacija-ptuj/lepota-annaj-anna-bubanovic-sp/MM1oGij0,,Kozmeticni studio,,,LEPOTA ANNAJ  kozmetične storitve Anna Bubanović s.p.,Ptuj,2250,Panonska ulica 5,18004,,,,,18839,0,,1,4.8,Ptuj Kozmeticni studio,22
,,,31309909,,,Kozmeticni studio,,,Kozmetični Studio Suzana,Ptuj,2250,Mežanova ulica 2a,18004,,,,,1664,1,60,1,5,Ptuj Kozmeticni studio,2
,,,27716961,,,Kozmeticni studio,,,Tokalić Nedeljka S.P.-Kozmetični studio Neda,Ptuj,2250,Prešernova ulica 18,18004,,,,,35836,0,,1,,Ptuj Kozmeticni studio,
,,,31827330,https://b-studio-skin-care-clinic.business.site/?utm_source=gmb&utm_medium=referral,,Kozmeticni studio,,,B Studio,Ptuj,2250,Gomilšakova ulica 1,18004,,,,,69404,0,,1,,Ptuj Kozmeticni studio,
,,,27481624,http://www.studioreal.si/kontakt.html,,Kozmeticni studio,,,"Mrčinko Vlasta s.p. - frizersko kozmetični studio ""Real""",Ptuj,2250,Potrčeva cesta 4a,18004,,,,,203,0,,1,4.3,Ptuj Kozmeticni studio,12
,,,40742732,,,Kozmeticni studio,,,Gužvinec Ksenija s.p. - kozmetični salon Cosmea,Ptuj,2250,Osojnikova cesta 9,18004,,,,,318,1,25,1,,Ptuj Kozmeticni studio,
,,,41594412,,,Kozmeticni studio,,,Kozmetični studio Karmen in svetovanje  Karmen Zinrajh s.p.,Ptuj,2250,Klepova ulica 50,18004,,,,,1803,0,,1,,Ptuj Kozmeticni studio,
,,,27785971,,,Kozmeticni studio,,,Berlič Veronika s.p. - kozmetični studio,Ptuj,2250,Trstenjakova ulica 5,18004,,,,,34201,0,,1,3,Ptuj Kozmeticni studio,2
,,,40355612,,,Kozmeticni studio,,,Kozmetični studio Naturalis  Alenka Zemljarič s.p.,Ptuj,2250,Spuhlja 140,18004,,,,,3252,0,,1,,Ptuj Kozmeticni studio,
,,,31352935,https://www.minimum.si/lepotni-in-nohtni-studio/,,Kozmeticni studio,,,Nohtni  masažni in lepotni salon Oljka lepotni čas,Ptuj,2280,Trstenjakova ulica 5,18004,,,,,34201,1,33,1,5,Ptuj Kozmeticni studio,1
,,,,,,Kozmeticni studio,,,Kozmetični salon Zala,Ptuj,2250,Prešernova ulica 10,18004,,,,,130772,0,,1,5,Ptuj Kozmeticni studio,1
,,,40592246,,,Kozmeticni studio,,,Nail master studio  kozmetične storitve Maja Bezjak s.p.,Ptuj,2250,Maistrova ulica 1,18004,,,,,111841,0,,1,,Ptuj Kozmeticni studio,
,,,31364065,,,Kozmeticni studio,,,Kozmetični salon Staza  Anastazija Topolovec s.p.,Ptuj,2250,Ormoška cesta 77,18004,,,,,2074,0,,1,,Ptuj Kozmeticni studio,
,,,27796471,,,Kozmeticni studio,,,Frizersko kozmetični studio Lepenik  Bernarda Lepenik s.p.,Ptuj,2250,Ulica heroja Lacka 8,18004,,,,,17309,0,,1,5,Ptuj Kozmeticni studio,2
,,,41906644,http://www.pedikura-sorsak.si/,,Kozmeticni studio,,,SORŠAK MARIJA S.P.- SALON NEGE  BOSA NOGA,Ptuj,2250,Peršonova ulica 50,18004,,,,,1251,0,,1,4.5,Ptuj Kozmeticni studio,4
,,,41838799,,,Kozmeticni studio,,,Lišpalnica  podaljševanje trepalnic in manikira Maja Ciglar s.p.,Ptuj,2250,Ormoška cesta 5,18004,,,,,500,1,40,1,5,Ptuj Kozmeticni studio,1
,,,70488468,,,Lepotna nega,,,Estetika Kael,Ptuj,2250,Zagrebška cesta 13,18004,,,,,62464,0,,1,5,Ptuj Lepotna nega,6
,,,41461266,,,Lepotna nega,,,Slimmer center,Ptuj,2250,Ulica 25. maja,18004,,,,,179921,0,,1,,Ptuj Lepotna nega,
,,,40705058,http://victoriavynn.si/,,Lepotna nega,,,Victoria Vynn Slovenija - Uradna stran,Ptuj,2250,Trstenjakova ulica 5a,18004,,,,,34201,0,,1,5,Ptuj Lepotna nega,3
,,,27801066,,,Lepotna nega,,,Petkoski gorjanka s.p. - lepotni studio Onyx-Izdelava umetnih nohtov,Ptuj,2250,Nova vas pri Ptuju 65a,18004,,,,,2164,0,,1,4.7,Ptuj Lepotna nega,7
,,,,,,Lepotna nega,,,Zakelšek Milan s.p. - as prevozništvo,Ptuj,2250,Mežanova ulica 2,18004,,,,,1664,0,,1,5,Ptuj Lepotna nega,1
,,,41456232,http://www.vitibeauty.si/,,Lepotna nega,,,Viti beauty Ptuj,Ptuj,2250,Rajšpova ulica 16,18004,,,,,753,1,44,1,,Ptuj Lepotna nega,
,,,70787065,http://www.brezdlak.si/,,Lepotna nega,,,Nomasvello Ptuj,Ptuj,2250,Rajšpova ulica 15b,18004,,,,,753,1,55,1,3,Ptuj Lepotna nega,4
,,,31221152,,,Lepotna nega,,,Kozmetični atelje Nina  Nina Bašica s.p.,Ptuj,2250,Trubarjeva ulica 3,18004,,,,,21134,0,,1,5,Ptuj Lepotna nega,8
